# density,temperature,tspan
2.005423465017894990e-07,2.547111114978877595e+04,4.025891257851034133e-06
3.975730166430501166e-07,9.798220254181538621e+03,1.006027704986567386e+02
4.697938784974467124e-08,1.819198771467489860e+04,2.536550103227352642e-05
9.838951172448751846e-09,1.528715737999612793e+04,4.206741234181362032e-01
1.062081222315787016e-09,1.307156800149929040e+04,4.437261689095324925e-04
1.033037690435779052e-07,7.619462957248448220e+03,3.079401053355078588e+01
2.582131409737447218e-10,7.099870099583926276e+03,8.075595115215926048e-06
1.046112835327855076e-08,9.731695872935419175e+03,2.126361048269031073e+01
3.017808885634922001e-08,7.436280243904254348e+03,3.338193643068954088e+02
1.390813044320589307e-08,2.104425530138040631e+04,4.870786706694392454e-02
9.282469911568705622e-07,1.226238965708113756e+04,5.113975113248037587e+02
3.453145347332463271e-09,1.425317998770205486e+04,9.976841596643695189e-05
4.188215350701201734e-10,2.039941355478425248e+04,6.134375989562569885e+04
2.242593742268819274e-08,2.821377541142523478e+04,2.413985007185163206e-05
7.802585530720697640e-07,2.661672062306286170e+04,1.950541548036735517e-02
9.392373997616033479e-08,9.497815234655383392e+03,3.203029463630625742e+02
3.241469123503646130e-07,2.382036293475792263e+04,4.700423929078581010e-03
4.840103405859317856e-09,2.178118311374522818e+04,2.753453998447017554e-04
2.927450451061178722e-07,3.037853378517832880e+03,3.093694952618033372e-02
7.839559303542721454e-09,9.203009902952891935e+03,6.027969813558410085e-03
1.141366211422867516e-07,1.886676894021898624e+04,1.468004658667630865e-06
1.433557495278909863e-09,1.294127579979142865e+04,4.327079998502234570e-01
5.165978199986875359e-10,2.200306551249545737e+04,7.190191367092580998e-01
5.149524299882396514e-07,2.248953862996708267e+04,7.477379326351007330e+04
6.249576264710031227e-07,1.104835077638239818e+04,3.639245530828215114e-01
4.222617168469330970e-10,1.718604746263762354e+04,1.457143872231836624e-06
3.270459768161532260e-09,1.936796914051874774e+04,2.635330180134550574e+03
1.838852518900548019e-07,7.310865147953034466e+03,1.339396621274829613e+00
1.391185608973675621e-10,1.538622306571714216e+04,1.113093505525536102e+03
8.340175685505625934e-07,2.752235124002233351e+04,1.054709314479067170e-06
1.624667598022094931e-08,2.148421216227534387e+04,1.109943625343965746e-04
1.054442892190583677e-07,1.716070789859321667e+04,5.890819851602447027e-04
2.213281832766314187e-10,1.634790893912057982e+04,1.577794672857620595e-01
1.199395361594113343e-08,1.171076093844558818e+04,3.135228896347452974e+02
4.979828420228707116e-10,1.665882429051174404e+04,5.955796516431967608e-06
4.520624002416882454e-10,1.873271504604020083e+04,1.080519397269213755e+02
2.966831078315165579e-10,2.107490566324014435e+04,7.410038676050820504e+04
1.389682445702697119e-07,4.355896566754428932e+03,5.253843764576786660e-04
2.571709020641149701e-08,2.153604804485241766e+04,1.431525863563435155e-02
2.269870572458994958e-08,4.509970778880699982e+03,1.001851612925404138e-02
5.753181948901338277e-10,2.578247791141712150e+04,1.438031842886144940e-01
3.304990372656635680e-09,1.001327266547133695e+04,1.714734134431556258e-03
1.885553730574346238e-08,9.092328544299551140e+03,1.367213813671764547e+04
1.454092958701554777e-07,1.564247915514243505e+04,3.540376560817018344e+03
7.304423989792455505e-09,4.676751661885346039e+03,1.141893439249622872e+02
1.160171449956553278e-10,1.841678472881924245e+04,2.430749411038032122e+04
1.339386930885131767e-08,3.856511608259952936e+03,4.260831394424806717e+02
3.467933547308889815e-08,4.957227254345202709e+03,2.470793896537551437e-03
1.036454593369114279e-07,1.569213491890288788e+04,5.056479921264124267e-01
4.610213634636215672e-08,4.332613588899393108e+03,1.564591928746548092e+03
7.195427443415306699e-07,1.082110613044920319e+04,5.065004997059194917e-06
4.599064810357449518e-10,2.403740679928441386e+04,3.727194811621979898e+04
1.591740568150153246e-07,2.869286423413588273e+04,4.786811652444850670e-05
2.375069373988694563e-08,9.489721916592123307e+03,2.375333532241512670e-04
4.851144774158531220e-10,4.233568993413145108e+03,3.578988100608367084e-05
5.069338571955353877e-09,1.713986808646595819e+04,1.946782732553288326e+02
1.820454173989414154e-09,2.759845030636194133e+04,1.339556734164862916e-05
3.341139482825170514e-09,3.383775219466042472e+03,2.027408784017186317e-03
4.349974309749946502e-07,2.989645406960854962e+04,2.259585222081389677e+00
3.442041801918367076e-09,1.457271074267015501e+04,4.071408767855117912e+04
6.819076619599270106e-10,1.382101460691656212e+04,6.039197053326871156e+01
1.365394793710199900e-10,4.483302164595756949e+03,7.865670645639999859e-05
9.189143096941600452e-07,2.749330621631381655e+04,7.783180984987646545e-01
1.148127378821918615e-08,1.412699622771582654e+04,2.515768775248573008e-01
4.477392477738420240e-09,4.242663205180228942e+03,2.172779995150020285e-04
1.120932732026262391e-09,1.706788537594166701e+04,2.396940535195836475e+01
1.733399044336256231e-09,7.513321864207144245e+03,6.571614150178642149e+02
6.024226873964371182e-07,1.848038551725858997e+04,8.797507770785433223e-01
1.038129719925977681e-08,2.691847119780155481e+04,3.207108138869083486e+05
5.252280977763969302e-10,1.555784604316823606e+04,2.877205967803654403e+02
1.570205678408639422e-09,2.264533034754001346e+04,2.533457231812257305e+04
3.287899696988043894e-10,1.505066125035685764e+04,3.456208136892592098e+00
1.689803118762672157e-07,7.582876721640744108e+03,6.601157506700633348e+01
5.238185547215653511e-10,5.611601359109499754e+03,9.089604585624119500e+04
9.062963236367612383e-09,4.342320463571793880e+03,8.352317080522437820e+00
2.743315628119384474e-10,2.967749349750641341e+04,1.530839695835141123e-01
3.153712980295567989e-08,1.120148523307834330e+04,7.284248225249606579e-02
5.928351073682711240e-07,4.174959270472454591e+03,6.680215877971206792e+05
1.077487798588070492e-08,1.065287265655284864e+04,4.734877065395901585e-01
4.378739192178673408e-09,9.796071154851602842e+03,2.305187694142988997e-05
2.643942685425711128e-09,2.909225930516262451e+04,1.862719180672829680e+02
4.206495715626259517e-10,2.101013334913359358e+04,6.885913869022981089e+03
1.209423204999603713e-07,6.742515935392865686e+03,2.443617748405856892e-05
2.306261876336612318e-08,1.897070830110082170e+04,8.455855433115916689e-06
1.551975980756276630e-07,2.149083798363762617e+04,1.013219056969878584e+05
1.050528178825800669e-08,5.188551787855711154e+03,2.796114975957457796e-02
1.077981980543278774e-10,1.109118373166184028e+04,1.071647345680753993e+01
3.554936106495278744e-07,5.657184527350624194e+03,1.720556683650601553e+04
4.567232229180397366e-07,1.868126574442269339e+04,3.430425557495415205e+02
1.613936619718159196e-10,2.364507633738874574e+04,2.874743644362063496e+05
3.991142262111366426e-08,2.271900218946117457e+04,2.903220750585024234e+03
1.317111294101513082e-08,1.325244682311660108e+04,6.925549888501486562e-02
1.608222608639441231e-09,5.557532124271318935e+03,5.041699068765188585e-01
2.492935831222201887e-07,1.357580997361585287e+04,3.679896721167346674e-01
7.607717074021365684e-09,2.764366514073945655e+04,9.574669281189209791e-01
4.026349824785319710e-07,2.836994097982270978e+04,5.507342569887518392e-03
2.878325485327745476e-09,2.864135700564940271e+04,2.131207022217520121e-04
5.473379442044508531e-08,2.255110774977645997e+04,9.579488515669871049e+03
9.133782473150886371e-10,1.604359491249048915e+04,5.414641750831391404e-03
1.345715374587328956e-10,2.443907510824860947e+04,2.177095560740611400e+05
2.416715548704669833e-10,1.751333591590764627e+04,8.025364427690609759e+00
5.472021084154397109e-10,6.436246152456615164e+03,1.671600781576675900e-06
2.502266982235542866e-08,2.446848641172291536e+04,4.471390300179070437e+03
2.454049330522132959e-08,2.009940415094333730e+04,2.604594468965453283e-03
2.188212153422295277e-09,2.406026738911033317e+04,2.826608542766310620e+03
1.129860557810143891e-10,2.845024940854252418e+04,7.920440457491896291e-01
1.154791758746140068e-09,6.947366480307793609e+03,2.251403561902050191e-04
9.005671333734937512e-09,2.495415958728389523e+04,7.334049115335021518e-02
1.170858325305682022e-10,2.422798455389223818e+04,5.390125381876018364e+05
2.266568582426951323e-10,2.181321005805032109e+04,3.390632533128691561e-03
2.550808268761875801e-09,1.999527636383038771e+04,2.402485758100594103e+05
7.601243726352812589e-08,6.968069031979686770e+03,8.707971005625594989e+04
4.266969355015449688e-10,4.088143319075466934e+03,5.082976704601235724e+03
1.168492452873532773e-10,2.017545603056318214e+04,8.106332418314430299e+00
2.768074431722206602e-09,1.072724786210672391e+04,7.034225024931145526e+03
3.945205326036404808e-09,9.683367822280228211e+03,1.325150771510896167e-03
1.054734350483052804e-07,1.016254750198777219e+04,1.745496746794849606e-05
7.516662271927221559e-07,2.283711313541799973e+04,1.815890980380631277e+02
5.321553036004938695e-10,1.669377118248111219e+04,3.698171274021939025e+05
5.172975094628721356e-07,2.836622237524477532e+04,9.351598345092300424e-02
4.929697298554582213e-08,2.024622987978291712e+04,9.420475734572524379e+04
3.724451634700501144e-08,6.333011582164798710e+03,3.004208197302846335e-03
9.167465863719575024e-08,2.735159622671669422e+04,7.691472691474358726e+04
1.985752012696764217e-08,9.088917940205894411e+03,3.577064684622114910e-01
5.442842120703055676e-07,2.127426536610901167e+04,4.747354253328757781e-03
9.196059838962932126e-10,9.211270401034495080e+03,4.007133289440165841e-06
2.577972875827181468e-09,6.741446100688717706e+03,8.832690392356076585e-05
3.416467014184968531e-08,2.611100223381428805e+04,1.484665840169124650e-05
8.485905413159784487e-07,1.166356075411107850e+04,4.682478206806252711e+05
7.495402630451920944e-08,1.637915543451556914e+04,1.761191320682176809e+02
7.809971551968728472e-10,2.433617121458823385e+04,4.247854287591250031e+05
1.766762316562192709e-09,1.365179918408317644e+04,1.223242753146067940e+01
1.319313855168655329e-10,1.433131673180260623e+04,1.431997218166523922e+00
1.027631723745712566e-09,8.512468638599963015e+03,3.531315274607948140e+01
3.551879904573492268e-10,2.167027844008287866e+04,6.764246589420514647e+05
5.535291207554268914e-10,2.493229183328323779e+04,8.431985194704492460e+04
3.716921088161556780e-10,2.221323755240652099e+04,7.679855450263181095e-03
6.924260308883296834e-09,1.066301698371914244e+04,4.503487687854207391e-06
1.220446829296686791e-09,1.095719357018902883e+04,1.206774760245167034e-03
8.801193091204101047e-08,2.096662527430798218e+04,4.740630336820885304e+01
1.715146608561158752e-08,7.817757847051521821e+03,3.279413445778166057e-06
1.108828651627862876e-09,4.490675820167651182e+03,1.303113509802198866e+00
6.847132709431109001e-10,2.290669451793900953e+04,3.745601700183237426e+03
8.619843263114822473e-08,2.579524996802245005e+04,7.624618429836878204e+04
1.155173797448382631e-07,1.247326019412232563e+04,1.088819707803894365e+00
5.892030216907010512e-09,2.789286061778980365e+04,1.117901444634023210e+05
1.215119190644714855e-09,2.574857872066659547e+04,5.518914108707970341e-03
3.172308438258403333e-09,2.736573882298167882e+04,1.671054075043555258e+02
2.644926472606204240e-09,3.687205718337421331e+03,4.092255347022226779e+05
8.957503931434903527e-07,1.894663805644080276e+04,1.577280640312291798e+05
4.649825775181888080e-10,8.199257308026890314e+03,7.697865113811485571e+02
8.726797310455067319e-10,6.635463038021858665e+03,7.612916756185156508e+00
5.409879026254270750e-10,1.754636826677624049e+04,2.415042459904683710e+04
2.717778142178284856e-08,1.832675772338743627e+04,3.817402935385212359e+00
1.891363048066052257e-09,2.137198354346023916e+04,3.531696349343108636e+02
3.981485820039273672e-07,1.489330662840697369e+04,2.410825122671942822e+00
4.728727544189539178e-10,3.841717254356417470e+03,1.201508042267847920e-06
1.673270029037310041e-08,2.926106123912873591e+04,3.774831112167306019e-03
1.694058253738401110e-08,1.154250004439201075e+04,1.534475930310445557e-05
1.025118848008348971e-09,9.470370675255966489e+03,5.102874388124554496e-03
4.218191271653184520e-09,7.480163415170361077e+03,2.255392999985783033e-06
1.606218023350949122e-09,7.595196185857758792e+03,2.375882533773231220e+00
8.475610843393408957e-07,1.930023177840324570e+04,1.858229600063330519e-05
1.011762789620713622e-10,1.840997540889023003e+04,8.261914145471414839e-03
5.741983695462918805e-08,2.097398019704909893e+04,3.020628907848088637e-06
2.541401565006016348e-08,2.092013296516098490e+04,1.488089959323530068e-02
4.588325934376502466e-07,1.429666539417462627e+04,1.083705965453370820e-06
4.754057517714137886e-08,1.633606021125763982e+04,4.564141640222800334e+00
2.561345322719617189e-07,2.681705639737713864e+04,9.417926895913733554e-02
4.453776867522354405e-09,2.946695393396885265e+04,2.899792074997321123e+01
2.387113904092208119e-09,5.426104210463106938e+03,6.055597303822260610e-05
2.427512902816835590e-10,6.867713562843459840e+03,3.147753848468799048e-02
1.437516782595383850e-07,1.739087879227907251e+04,1.647393719639927423e-01
5.495985111895883172e-10,2.448508608233590712e+04,2.372985488133488161e+03
1.530612052076815788e-08,1.371627960189025907e+04,1.448673893095611311e+04
2.854573189281556436e-08,2.114589842653646701e+04,2.756733952550462496e-01
5.946465370895254324e-08,8.760332340326811391e+03,1.758549142955743491e+03
1.998742794972920804e-09,7.625020714132318972e+03,1.514587941759742706e-01
1.734041436735172039e-09,2.226988716410175766e+04,9.124948198096579643e-01
1.558292300065270167e-08,2.544572056084128781e+04,8.120590039442536323e+00
8.526322412368303677e-07,6.386589560293286013e+03,5.464393647802153831e-04
1.696563789751101571e-10,2.356183052782225786e+04,5.452227921878113372e-03
2.450481605002198144e-10,7.571516619178476503e+03,2.362577247284608354e-04
2.824893630315748232e-08,6.417871058287628330e+03,1.136623960258846851e-06
6.920711511382661599e-08,1.554426179951289851e+04,1.524314918118853257e+03
1.816572379901587342e-09,2.525908873011615651e+04,2.974077450858303351e+01
1.480248674135976270e-09,4.925640731925859654e+03,1.276892086415081735e+02
1.200316495781709219e-08,2.377154234684293988e+04,1.755397325012619044e-04
1.501545212424816287e-09,5.713352882372986642e+03,2.207142719202739162e-02
3.538129786027674134e-09,1.387259609064103643e+04,2.092600945333067744e-02
6.516372828574588286e-07,1.332226655158237736e+04,1.016136520888069334e-04
5.604095998678937555e-08,2.105844822492614185e+04,3.979663064161330583e-04
6.062638766731366946e-08,1.553087870729370661e+04,1.150426310047034939e-01
4.110428510285918343e-07,2.657136043380238698e+04,1.180151627740038984e-04
2.362617695058365062e-10,5.000725842753470715e+03,2.844037356841118136e-01
1.275731273838716476e-09,1.228532342819539372e+04,1.336241323365170058e-05
2.078317841754876242e-10,1.397594276855713542e+04,9.762686588778450155e-06
2.822488638817963021e-10,1.549634978724511348e+04,3.359357312684283742e-06
1.377490598746418774e-08,2.161331401678238399e+04,5.028871137012225809e+05
1.540632480856093386e-10,6.138634229531771780e+03,3.797904595676246053e+00
4.600376805606720358e-09,2.471779122660298526e+04,7.437069819827408355e+04
1.990297224384723195e-09,2.877319669553340282e+04,3.534980412770457860e+02
5.351470979067234074e-09,1.462955722961160063e+04,1.893230183283860397e-03
1.266220238633941443e-08,6.499351524679900649e+03,7.917692976443662774e+05
1.709529808645844096e-09,2.948336305607602844e+04,1.081301811377409792e-05
5.534433591884605245e-10,2.231838732545502717e+04,6.767115132353116408e-06
7.822772466881953734e-07,9.968515961205926942e+03,1.497292903617969850e+00
4.851577284090119021e-10,5.099758689173890161e+03,1.520786505922926146e+01
2.746012033971148390e-09,1.897215066528403622e+04,1.017985381183907252e-02
3.371818727186898337e-08,2.722175341914152887e+04,2.101541245250635945e-03
9.538568455416381129e-08,1.083109374297971954e+04,7.275890462366671669e-05
6.204881286914239471e-07,1.954283665798249785e+04,2.708094132399696391e+05
8.852535274668299520e-08,1.372590324412699010e+04,2.776463248079024652e+03
2.621875409738485270e-10,5.873158161067882247e+03,2.164041761423539479e-06
2.145789130955374936e-09,3.707422186350678658e+03,7.491753476346384844e+01
1.922941676515538032e-10,1.018232555009578937e+04,3.150895393033409223e-04
3.178438663876501480e-08,9.376433954203894245e+03,1.142207649067221165e-01
5.252618662816483272e-07,4.739226587090463909e+03,2.366366019731555753e+03
1.084456505366070102e-08,1.657728029922393398e+04,1.852519300726771179e-06
1.767508336378320836e-08,2.406336648721756501e+04,6.747862769653726112e+00
1.063018567536768420e-08,2.313176456971161679e+04,1.171057271970291622e+05
1.420788696906917178e-08,1.389469640496287684e+04,5.058589505011838128e+02
1.508076280921914507e-09,2.587211863362912482e+04,4.678899982238762800e-01
1.090084407167134976e-08,1.338701901750503202e+04,3.075699849188451643e-03
5.437580280378564832e-08,1.407579299766218355e+04,1.655571229412259107e-02
2.042465416618776513e-07,2.732098221865189043e+04,4.137082372846782787e-04
1.341185974147493968e-07,2.432215977992488843e+04,1.138006616149027372e-01
1.025586592845992512e-07,1.457265532011551477e+04,6.116141426085890271e+05
1.539275953048067254e-07,2.533510023476012066e+04,3.540395316485476173e-04
1.781804632395613423e-09,1.379575722980088904e+04,1.584333704528851109e-03
2.551447470398585727e-07,2.665965803074020005e+04,1.360957712953268594e-05
8.952235419251622570e-10,4.622262435288323104e+03,8.887250828072387808e-06
9.430397786738440393e-09,8.752800688513685600e+03,5.903084796559813549e+04
1.927231023603552954e-08,1.148405911825150542e+04,1.910578852885256237e-05
3.195481601996847401e-09,8.371216590319507304e+03,2.620536330161047072e-03
6.195358081518618121e-09,5.499166178342435160e+03,1.697506824587667678e-06
1.338486477913354013e-09,1.872517521611030679e+04,8.089929794416503282e+05
5.888596282561345252e-08,2.215203997413334582e+04,1.143493389570762560e+02
3.824925755246638702e-08,1.538542591194711349e+04,4.037378546819852740e-05
1.898089303520172976e-07,6.132358456118270624e+03,3.914540353499878547e+05
8.150526151020813865e-10,2.235416391805725289e+04,2.931053812386166246e-01
2.112279296683255298e-10,2.289906088198049110e+04,9.432072147486675220e-06
4.289117201578823617e-09,8.063284195337333585e+03,1.287894626698489963e-04
2.818443231663382410e-10,2.074761062045830113e+04,7.008784604471455203e-03
6.948580925533766303e-09,1.073724339058308215e+04,4.705585358856666581e-03
2.188208571825110612e-09,7.602094665095751225e+03,4.213719258168514352e+04
3.943667116853224834e-08,5.793073043187440817e+03,1.430335650095087285e-01
1.529169076020944171e-07,1.832897428067399596e+04,1.825471470441198396e-01
2.904061178192553579e-09,2.738521283998705985e+04,3.263526002554134955e-03
1.534776838142500519e-09,1.656648589102933329e+04,4.900467822820151923e+04
1.156780460582489040e-08,6.862760806473163029e+03,4.044542511053126788e+00
1.426968144132395660e-07,2.222163405256318219e+04,7.331924436444704676e-05
1.857928090219479440e-07,1.255840376876105802e+04,7.307582464178919667e-06
2.095347931078467297e-08,6.637417818872237149e+03,6.046013849565993297e-06
1.558903735567298719e-09,1.301966305713648944e+04,2.284312700104872173e-04
1.264049188886373880e-09,1.593000318090448127e+04,3.256261398918289853e-05
8.828643475032495891e-07,2.627544071750553121e+04,3.539184819821234590e-02
1.757762883587082401e-08,5.140343480674585408e+03,7.422118466112231545e+04
9.603027380531851149e-07,2.983448433525024302e+04,4.583393291504322953e-01
2.936055838305553091e-07,9.492614868132915944e+03,1.200245484209466440e+03
3.430192958325104299e-10,9.322506880295873998e+03,5.044230338842291272e-02
1.185349184276899962e-08,2.155899091676647731e+04,5.677439590639391832e-03
3.958715773230002123e-08,1.977809645324214216e+04,3.588632856843878017e+03
4.539339098514825111e-10,2.937215713378253349e+04,4.391134987936998368e+04
1.606978494025940011e-08,3.877574172214082864e+03,4.020605969217186880e-04
1.968164347970695687e-09,2.093450370225318693e+04,1.757864969784683637e+02
4.527001122532467012e-09,9.074500396234876462e+03,1.913208451339481640e-03
4.856838436569603515e-07,9.706765234159014653e+03,1.766083511874930991e+04
1.016137244101913125e-07,2.443213554620220384e+04,2.348272541823614119e+03
2.988751508534884196e-07,2.117140188476023468e+04,1.183953784448993645e+02
9.000979492637746537e-08,1.444146194579013172e+04,9.979676200954418164e+04
1.423481298596093814e-08,9.290882792495423928e+03,5.139487635181735823e+04
8.745020521909128201e-10,6.945075379865187642e+03,7.125957707556581227e+03
3.019591418195153353e-10,1.492140866818332506e+04,4.593302022844228226e-05
3.241186751468388568e-07,1.584590357721803957e+04,9.165587134342556965e+03
6.690878652972514003e-10,1.449550855261744982e+04,1.831607535935439519e+05
5.630595127601123360e-08,8.883623314187298092e+03,4.029003252544792013e-04
1.951651155899403172e-08,3.313702570145873779e+03,1.910757302412231448e-02
1.794913546558856121e-08,1.751200656006209101e+04,4.623818118448815885e-03
3.488495099397652898e-08,6.354894848640709824e+03,2.411981504882928446e-05
1.785935317267388658e-10,1.863069590442180197e+04,2.817413644504936201e+02
1.157229967806348671e-09,1.090660506188038562e+04,5.722918779074222447e-06
3.352174199146497787e-09,9.805385059724689199e+03,6.127397440835896414e+05
9.343398268201421309e-07,2.892078900175057061e+04,1.029590399303261580e-06
4.485343781759868769e-07,1.761662274964957760e+04,5.370105345654697028e-06
6.971969221771269252e-10,1.736402881510112275e+04,5.263223199578032736e-04
3.999159540298387094e-10,7.791398396348501592e+03,9.055587499870873289e+05
1.550688719760518891e-10,2.935466902553722684e+04,3.701338225679066340e+00
2.527032931866523263e-09,5.175877026752326856e+03,3.954466861482026641e+00
1.259591689078212540e-09,1.409579676317898702e+04,2.254201164575440029e-03
5.320852682270230931e-09,2.708567288456353344e+04,5.717415136032566352e+02
7.213082915165225833e-07,8.138060874053207954e+03,4.822044054774985433e+00
4.551608954655822410e-10,1.616203947454350600e+04,3.793232299062335167e-02
5.627538856331192673e-10,1.661975993728994945e+04,8.610606984986969516e-05
3.046897555809649781e-08,1.763976195941765036e+04,3.565729943820531128e-05
3.285993059798682567e-09,9.353718134328068118e+03,3.713323338983290114e+02
3.503723265375810012e-07,2.958965647326457838e+04,1.703587203015566656e-04
2.086764290524625574e-10,2.774699702978297864e+04,1.686305950040237547e-02
2.065100967493598626e-08,8.663442211206584034e+03,1.249821219335261121e+05
2.150883288175151448e-08,3.982409839727321923e+03,1.614199182483675372e+02
1.118379333623558447e-08,9.734080975210581528e+03,1.638587836880252289e+05
3.664821271628197666e-07,1.614598221618041134e+04,5.500346896447372638e-03
7.677895033695414617e-10,2.216408103733121970e+04,1.954169796403147030e+00
3.216995399562262263e-10,9.743248783487033506e+03,3.692912965973854625e+03
1.783510295482659626e-10,2.991072938317225271e+04,2.977050439051152466e+02
1.363802112579492053e-08,1.404305509009170601e+04,3.067814972667891766e-05
2.141805318422713548e-08,1.934892034839691769e+04,1.222015772910665281e-03
2.773718745091688737e-09,2.072583534130612315e+04,6.678677624694126962e+02
1.584617055576698645e-07,5.238429841235595632e+03,2.323090943838276079e+00
5.346649629954103826e-10,1.039313475402968106e+04,1.754034185765173561e+03
1.197665087412529731e-08,7.760294376056253896e+03,4.105796707207349755e+03
1.671115054291242555e-10,2.252489223811983902e+04,4.273418907964042290e+01
1.190517059539778596e-07,1.344047069128813382e+04,5.769819907834108744e+04
1.244181702847999334e-08,7.256331262979561870e+03,2.598044817975605492e-01
4.142397598001917422e-08,2.333344927390277735e+04,7.077142779177057719e+02
3.534886383562449645e-10,2.945375787427800969e+04,2.625537913193983982e-06
1.212648697056149755e-09,1.027692260930284465e+04,6.321171199729370528e+03
1.099776782340197380e-09,1.626293641103644404e+04,2.990284874756727884e+00
1.439232637321917749e-09,5.416772697816933942e+03,3.254586840626869093e-01
1.811621659741818645e-07,1.231987603678544292e+04,2.058813923064650453e+01
2.800140008911167061e-07,2.392305834398786465e+04,5.578605878961357599e-06
8.517723725348249260e-08,2.277211654329269004e+04,9.727635639599374606e-01
4.187689168911539098e-07,3.598615684276987849e+03,4.280273505359831476e-02
1.807425576340371549e-10,1.907230693087347026e+04,8.440430696361827722e+04
9.125985431804983318e-10,2.883461488085390010e+04,4.434074733226142416e+04
1.853056793064236171e-08,1.419740448292646761e+04,4.512862862480554895e+02
3.672784552802806287e-10,2.617642949967387540e+04,8.108312594218920921e+00
1.625244056123611987e-09,1.730197219710029458e+04,2.910167533009105348e-04
9.896830514409029036e-10,3.702894303511051930e+03,1.675113100268086713e-05
1.654720636015626978e-07,1.609383813149144407e+04,1.175906586676665756e+04
3.283355581966788872e-09,2.655187027293971187e+04,6.030604405683414118e-03
2.238813731750889238e-10,2.034534449314180529e+04,3.328542095487289909e-02
6.376349003016178344e-09,1.236293155263118751e+04,3.925074323477272742e+01
1.133780905171854534e-08,1.725867746584209817e+04,7.114759513636795263e-02
2.919803974075706107e-07,6.750843046577597306e+03,3.453920444296820165e+02
2.635971495902401250e-07,2.603749228037050852e+04,8.508248743871765055e-06
8.228036590704420335e-07,2.284623645627595761e+04,2.437839721699707661e+04
1.454863356125393477e-07,2.920351948398046807e+04,5.107929234852578938e-05
4.580563228833737435e-07,1.166851666700101305e+04,3.189734807244089097e+03
1.670232299614641099e-10,1.148270717305111793e+04,1.782859494814382550e+00
1.604910725994856550e-09,6.441588856151181062e+03,2.366407047030877515e-04
7.076214618518368536e-08,1.693898902927945164e+04,1.158754366833343738e+03
1.433369858602536527e-08,2.188257057217849433e+04,5.237684029442470091e+03
1.052379617329823663e-07,6.304253053076084143e+03,9.540500714999815895e-06
7.795525692164928506e-07,2.562128573576163762e+04,8.228899294700377622e-05
8.777174729111942525e-07,1.723261190485930638e+04,9.583170523627676118e+01
8.490805865064342917e-10,1.724008213590925516e+04,1.636693485091321107e-03
1.509175542838577587e-10,1.332968719460871034e+04,4.974185481615916615e+03
1.588000613143763740e-09,1.165426557527197110e+04,2.703296456850476481e+00
7.929931786329599774e-07,1.351215907457894900e+04,1.615653487281507733e-02
1.225254889527328474e-09,1.303275019039830840e+04,7.531868212038441470e+02
4.574890644047490245e-07,2.637401542998195873e+04,6.312905480683138393e+00
1.946101557342075340e-10,2.377221488127494740e+04,4.878749249607646117e-03
6.511996414518372544e-09,6.407160328229614606e+03,2.781794396927849448e+03
4.083286895255761218e-08,1.474122553407325540e+04,2.778664655678872464e+02
1.571921757474736163e-07,1.202755421115284480e+04,1.527009704136401922e+02
1.680170258100336007e-09,7.468795781117659317e+03,5.104800085115682123e+03
1.125867160083606790e-09,1.073687870635607760e+04,2.218371935585607482e-03
5.546924866592992954e-08,4.466579972997330515e+03,7.245785750442194737e-06
4.788935092747223704e-07,1.264862525162497877e+04,5.079682420619543448e-01
2.701330983752048369e-08,2.611182960969105261e+04,4.909378412068901576e-01
1.714196197899797744e-10,1.745428953529068531e+04,5.505198057354632368e+01
5.183659254774671820e-08,2.515879667899610649e+04,1.808993532683339216e-05
5.171659315765897546e-10,1.562179876742928354e+04,6.792897811767719448e-04
1.628855214541250578e-09,2.424308112824595082e+04,2.078665127112511168e-01
6.023221574225508286e-08,9.321349320276800427e+03,1.577203994279068391e-02
6.690283045592025984e-10,2.066918294562813026e+04,2.087981223891256701e-03
2.426855892245097270e-08,2.122863872912109218e+04,1.175967578954994520e-02
1.597974197921137490e-08,1.644906498705553531e+04,2.093935143287722553e+02
1.399446033223935256e-10,2.953046879536209235e+04,1.312929582318355992e+00
1.018535488645575137e-10,1.238535819983831789e+04,1.050876442644414680e-06
2.715079992753153223e-07,2.461838428336730067e+04,1.766986594188738673e+04
2.439140397905692053e-09,2.392969745864040306e+04,1.294010351922991540e+05
3.204717167967391911e-10,1.886648008800906609e+04,2.105456262022713798e-01
1.278420974774707762e-09,6.707314845252760279e+03,9.681888620774924448e+01
2.652570221266174380e-10,6.672383113187622257e+03,1.127001279322723448e+01
3.916317593516159282e-09,8.898199581540487998e+03,2.527090557207625071e-02
3.260928704374162433e-07,7.886274686619428394e+03,3.409739539791426523e+03
1.131555792249379517e-10,1.653817695156151603e+04,2.478985028887975162e+01
2.348895802384892329e-09,2.115685474215417707e+04,9.161257126277058094e-06
1.819338999266035805e-10,1.487773892266014627e+04,3.824920194699911917e+03
3.667047839501847063e-08,8.628045237776706927e+03,3.992684046059501224e+00
1.540725862375471207e-07,2.151779910968898184e+04,2.806563481735003140e+00
3.248729974600748813e-07,7.074960025855325512e+03,5.939263837991183391e+04
2.049179808142619134e-08,5.138641729979417505e+03,3.110632811720462632e+04
6.617955829835094613e-07,1.850833635218237032e+04,5.197216796753911165e-05
8.781868236747763862e-10,1.519966548779884761e+04,8.229256988947546051e+04
6.273359639111195906e-07,1.673320651411340805e+04,1.573249545136455596e-03
6.676877593458015132e-10,9.489552837224040559e+03,2.032526756771396194e-03
2.007109565656250662e-08,1.369309933665205972e+04,5.554361637517231429e+03
8.957340060038154476e-08,1.157318369785979849e+04,7.729772896783782635e+05
4.825523997421876030e-08,1.430135394058786187e+04,3.562534110169149062e+04
4.396559315528721863e-07,5.292097403868284346e+03,3.824136691245497589e-03
3.732046768434535808e-10,1.126184193649230292e+04,9.217661568622041718e-06
1.935763916378573615e-08,1.995942721558493940e+04,4.356154749617595356e-02
4.142571384786745702e-07,2.861353803157665971e+04,2.680019695247712140e-05
7.209220868490209263e-09,1.460832260579189278e+04,5.373893838414358470e+03
9.762082923573736685e-10,2.787060242681257296e+04,1.356722755956375913e+05
2.984530072457749572e-09,6.282618405790954057e+03,2.082784551211079832e-04
7.456671340974677494e-08,2.056646421618078239e+04,2.264060434543259127e-05
1.963507847280058126e-08,1.072235163018598541e+04,3.590311048398483251e+01
2.326786738013501710e-09,1.359568420713571868e+04,2.570479048099297194e-03
1.274471032984412055e-10,1.563907800799926918e+04,3.084467715216240857e-03
1.432768903186827271e-10,1.315375228133471683e+04,1.727793527044955811e-05
2.228308423277134619e-08,2.176348758766565152e+04,2.519559943971968823e+04
2.285933761754178334e-09,5.864377438766667183e+03,3.518680763328649430e+00
2.622322124765091477e-07,6.296147729569298463e+03,1.320451821157347765e-02
1.280370512075330388e-10,1.470860019376808305e+04,1.752391666240284859e-05
1.125206984752628816e-10,1.400992672575211509e+04,3.816730425287102046e-01
2.633941711485570133e-09,1.411990625543458009e+04,5.597292009313611970e-04
4.547428834052159133e-09,1.509940249617919108e+04,4.607299678003659938e+05
1.589103660841919825e-10,1.123697178694210743e+04,1.163675273099110644e-06
6.184091632634430164e-10,3.083259164122044240e+03,3.987820196388390741e+03
3.170853561753651398e-08,4.608133236969879363e+03,2.782366493214405391e-04
1.769510444171547085e-07,1.553282938053428734e+04,1.481347019210673999e+01
8.256322125418512834e-08,1.018875893544844075e+04,2.062651447922124959e+01
2.232318883513831949e-08,2.667950889055073640e+04,3.163933302738978909e+03
7.250350191118649808e-09,4.323581431150399112e+03,2.115044051298645492e-02
5.630751390760582242e-10,2.241552468044660054e+04,1.247506897446330356e+02
8.878953537039650400e-07,5.220643648604664122e+03,2.556609271746223094e+05
1.297850674748745151e-07,1.885296138184600568e+04,4.620449512794308489e-01
1.619966393642376458e-07,1.542452529243456047e+04,7.953185933838048107e-04
4.282279099965700518e-07,1.052605753739818101e+04,7.809462614552998422e-03
2.067795704032718018e-08,1.812804257444963514e+04,2.941514311848660067e-04
2.617789768435795489e-10,8.100346990087558879e+03,1.481885150385241886e-06
4.790694251942552023e-10,1.579098568255468854e+04,6.741865104072314807e+01
2.252176089809837429e-08,2.779582608790470476e+04,9.751043007507496441e+01
5.553884339562161218e-08,9.565103754911770011e+03,1.321568023350609792e+03
2.135970928532136388e-09,1.940808490876327414e+04,6.214263821657848166e+04
2.521153125668901968e-09,1.451124813272421488e+04,4.249433522927239526e-01
2.959243170264707939e-07,2.066218896815550761e+04,7.936677076324076374e+00
1.603364846865917534e-09,1.321239535760293802e+04,9.169619794160636939e-03
1.572741613320357341e-10,9.587370627564105234e+03,5.857406260141998985e-03
1.100973498619494144e-07,1.716449854872586366e+04,1.530151390657297270e+03
2.589142007282731100e-10,4.875483098653145134e+03,5.177008489188251872e+01
1.194709862566232166e-07,2.794740619588679328e+04,4.039132643972694495e+04
1.215007532625933331e-09,5.304136654980789899e+03,1.839509684061718530e-06
1.217473640147384371e-09,1.666627771063378896e+04,3.652309244594637699e-06
4.527014104218884267e-07,2.561866228493547897e+04,3.325406172935773103e-06
6.471323258789962270e-07,2.532664066533988444e+04,4.598241908542123890e-01
4.163104614348088422e-10,1.131924529640476612e+04,3.216977334864595806e-01
6.070550511685203597e-07,2.500136841992390328e+04,4.934370138415666721e-04
2.275410235080225452e-08,1.754238602070277557e+04,1.848555254077776340e+02
3.858465595422068635e-10,6.545615450745477574e+03,2.720233547101446464e-03
2.659444424045467978e-08,2.356603889571866966e+04,7.630450317377598371e-04
2.233028036968467166e-10,2.889557687924306083e+04,9.228655172796239661e-03
6.929702493786037897e-08,2.343564405049365450e+04,7.980859407956891118e+02
5.495544365410472387e-10,4.426000462701187644e+03,3.182366742412457566e-02
4.576992049314506860e-07,1.188175476925236399e+04,1.169825693403631740e+05
3.651683317133603097e-07,4.408479209308202371e+03,2.101018338958400733e+01
1.408838481977131307e-10,2.699331285359260437e+04,2.902524022450808650e-03
1.285573750749766944e-08,2.948467281164351152e+04,4.736955035520592716e+00
3.264652991921567626e-09,2.610054464014041150e+04,7.067705667830575749e+02
1.641701111000200130e-09,1.164403766682549758e+04,3.767311697987963271e+03
9.925627402675882317e-09,1.016691095021598994e+04,9.443111748587459715e+02
1.239706279485607175e-08,1.567004763059136894e+04,5.625305126798639446e-04
1.409164661898972551e-08,2.815557391876585461e+04,2.903281917394413654e+02
1.563126298591570550e-08,1.734641868785861152e+04,8.433505068286840105e+04
2.869573782520519449e-10,1.952663315161603168e+04,9.622586518258329015e+05
8.054111661359600342e-10,1.548881882062017758e+04,5.030172962791604805e+05
3.307978765975185828e-07,3.443317572432946235e+03,1.899410898587557475e-04
8.740389151453394370e-09,2.123058401750294070e+04,1.566473042017510960e-05
8.508843726274237049e-07,2.747811893948290526e+04,6.663425418997444283e-02
4.991134435401375244e-09,2.314418232147080926e+04,2.829660220843049329e-05
4.206672890399109024e-09,1.880816959287174177e+04,9.544991103506517049e+01
9.564139352191396057e-09,5.325583802147015376e+03,4.476858017043248594e+01
3.151222852617400587e-08,8.323736344989592908e+03,5.990802778146592233e-03
1.871259475743764045e-10,8.092686646317189116e+03,7.415115001348782809e-06
2.331558888609470077e-10,3.342058848450310961e+03,8.536698750166508740e-06
3.048247096400689311e-10,8.071145777979908416e+03,2.833106382768439744e+02
6.385076501411700216e-07,1.699635630193474208e+04,1.966039547344923477e+00
1.542166748822668932e-09,1.439518657057931705e+04,8.616315378706917646e-03
2.321060010514733825e-08,2.163108891172401491e+04,4.611571338082423921e+00
1.177911403361635613e-08,1.340869243506582279e+04,3.489272898846579984e+00
5.511232091423650633e-10,1.982493188345927774e+04,3.480098813776351996e+00
2.116493259946113447e-08,1.497142120673815225e+04,2.103672712408660717e-01
2.460378436988865097e-09,2.544869256428900917e+04,9.867549107928710872e-04
4.350998790020712763e-09,1.135189745737849807e+04,9.561218567037140011e-06
6.191451119219571617e-10,6.954555485346127170e+03,1.185391907422577162e+02
7.748813261949179580e-07,6.388337886153344698e+03,2.501218804720699129e+00
1.311764759870920540e-07,2.454140287086623721e+04,3.235638507199995600e-02
3.249223265149494393e-07,1.466344796145740474e+04,7.553640444227437134e-02
2.980252495160920927e-10,7.300981074989983426e+03,6.221931800373817767e-01
6.393750559418688055e-10,1.790720510084278794e+04,4.603689913201056618e-06
5.525227064561826311e-10,1.322333615575413933e+04,5.220329862211334770e+00
7.615108913355907608e-10,2.558767086197356912e+04,4.053915975358322182e-02
7.994552812277403559e-10,2.412209854045491375e+04,3.894448830846704368e+02
3.906821136956038813e-07,6.042340288487032012e+03,2.818168208354675880e+04
6.373807580593759663e-10,1.361001130139092675e+04,9.501560834667237941e+03
1.952613065747063379e-07,1.380052966713058595e+04,2.217608390824116365e-05
2.902330860429222398e-08,2.517162482809390349e+04,8.616879459850724088e+05
3.264132963954821855e-07,1.315854248322859712e+04,1.353960922874086100e+04
1.081631564414545244e-07,2.878402323417598018e+04,3.133481402359217827e+04
1.060756570721529494e-08,1.188324915160554519e+04,1.278187977147172548e-04
1.321610805487473941e-10,9.061240778258808859e+03,4.014880883625952523e-01
5.543854430526479910e-09,1.605531972542741823e+04,3.066095848159517118e+04
1.881723815104694728e-08,2.428510546623813207e+04,1.120821936773884871e-04
6.732565621689800926e-09,8.183194364603996291e+03,5.249601829016486221e+01
3.827778430585108508e-10,6.311907997472310853e+03,1.499634040960483175e-04
9.487516471963664448e-09,4.725351901843292580e+03,3.360084982812885418e-06
6.032848779433059766e-09,2.777291108704140061e+04,2.647531331824308864e+01
3.821252980652396269e-07,7.450384100037429562e+03,7.833264167841512415e-02
8.554331524194270811e-07,6.747853635325669529e+03,5.799277547697145874e-02
1.118135523065049080e-10,1.099388510652593686e+04,4.471722987190948368e-05
3.110325743715007426e-08,2.462131478309362501e+04,7.390261247157340404e+04
4.424922834958314617e-09,1.496564892897897880e+04,1.604139093679008354e+01
1.331847993282348722e-07,2.902972476475497024e+04,5.657814580359038281e+00
2.584237998777368036e-07,2.178233045247254631e+04,1.215523424335486879e+00
7.278489012042464109e-07,1.828833980575826718e+04,6.789263347917809388e-02
5.110288545455178229e-10,2.846136856836818333e+04,5.269394368099174566e-03
3.325921451598661752e-10,2.000463545721278570e+04,1.394654575905951504e+02
5.602249476409758991e-07,2.499403430244154879e+04,6.519422678981374730e-01
3.458049356121023318e-08,1.062515074252773047e+04,6.417464775490887519e+01
5.198692011153143996e-07,2.091206265437339243e+04,2.012323689470713883e-01
7.750105327238475431e-07,2.066719008662307169e+04,1.077001275867569691e-01
5.166985503221717299e-07,2.412438248202931936e+04,4.922822985504561322e-01
1.670705890325639507e-09,1.908694452778598497e+04,1.869590986363015572e+00
2.134419950246908729e-07,2.064738370987373855e+04,8.725399924132797302e-01
6.732535842962824381e-07,2.304653298244939651e+04,3.689525269626117154e-01
1.425235505550442237e-09,9.175409108754101908e+03,9.781299817284365261e+00
9.087884400299845950e-09,5.590061351715623459e+03,2.115648528680285017e+04
2.616170248580482273e-07,1.058488956065619277e+04,1.995246578466538731e-02
2.317041163369127926e-10,4.259569998413425310e+03,8.273015936260928527e+01
1.674525443424473515e-09,2.475569081645620099e+04,6.773734516827992300e-04
5.933891590069445038e-09,3.811768990317779753e+03,3.181442761081888781e-02
4.318936682249117480e-08,2.854698612145963125e+04,5.469546203793038721e-06
9.000628798808298882e-09,1.544814102404248297e+04,1.380625715961842434e+04
6.980586991469578605e-10,2.472350552760480787e+04,6.607088543992737541e+05
3.912389102265147763e-09,4.325154469103305019e+03,2.092145794340123655e-01
3.851879768450233022e-09,1.150239049165910546e+04,1.602581060360027147e-05
2.771852903508002866e-09,2.334186125608849397e+04,3.993125367851676856e+03
9.297008779437979450e-10,7.956542732338944006e+03,8.726790886852203453e-06
1.472904008192036326e-10,9.195797808247116336e+03,1.781711009513696986e+00
5.620788566318970281e-08,1.488733421038814413e+04,2.375067109093866438e-06
6.470047190314417327e-07,2.593944834326233467e+04,1.344008091473646438e+01
1.443164339240345576e-07,2.631353962265797236e+04,4.917846046681088978e+01
3.883318556466925983e-07,5.983425801795735424e+03,1.238855864784289083e-05
3.297819951897376629e-09,1.372707392267102477e+04,1.839595361650825451e-05
1.807605491726018806e-07,2.924514616982265215e+04,1.182204833592731156e+05
7.720610600006539887e-07,1.465136544440134639e+04,2.530941034473731580e-04
8.828831575613731958e-08,2.798863295228750576e+04,6.880772208766669507e-02
2.362082159112445750e-08,2.507423270376607616e+04,1.473533022005146620e+01
1.732665537623850856e-07,2.597935953016297935e+04,2.774637755647329413e+03
4.341381182898513698e-09,2.965992007842586827e+04,8.875452366726250375e+00
1.415483097342314791e-07,8.514235129966109525e+03,1.275384446639425551e+04
4.065832547293810690e-10,2.837659687270954964e+04,4.005272479490364079e-02
7.983649053656232956e-09,2.137002524060751603e+04,8.326207861961943194e-03
4.470339423163648612e-10,6.460964788762599710e+03,5.641188119946796360e+04
1.841569934781539305e-08,8.901509758653695826e+03,1.167168316593855559e+00
1.303958128873876000e-08,2.825513286092631824e+04,1.671334722295527264e+00
2.297262694980024619e-10,2.225006680368383604e+04,1.630797973831976666e-02
4.125579381455111060e-09,1.177746760813807850e+04,5.460590882604044214e-06
1.582366270438051688e-07,1.897921969144262403e+04,2.505690516097050402e+00
3.085930905247567932e-10,1.886817149852302100e+04,1.245227736652615700e-05
7.854707163400630307e-09,2.222875585335462529e+04,2.473490937831920950e-05
9.924063651109270376e-08,2.327853888821286455e+04,3.186861606197348429e-03
8.180767784635467115e-10,2.534871076467440434e+04,4.293776473880091867e-04
4.065461841007531078e-10,2.839922979799902532e+04,4.083037644802802596e-02
2.531714570453509243e-10,1.939184793984060161e+04,3.661655306021827441e-04
6.250498086627477777e-10,1.556543495081326182e+04,1.126418474462891668e-06
6.205983437212822867e-07,2.226872283713744400e+04,1.108216373990727468e-03
9.525492414918386699e-08,2.529392574237873851e+04,4.173292879374596899e-03
9.934434484120751442e-08,2.344146652266077217e+04,6.310709865070569795e+05
5.177717257815234927e-07,5.553445462609218339e+03,7.393103145217928551e-01
1.545146798797198075e-08,2.126512413892708355e+04,2.532694114096251269e+03
5.153612044230119104e-07,2.027336278136953115e+04,3.759520013637133090e-05
3.130518517143050071e-07,1.850209366165084793e+04,1.232133886839425541e+05
7.930397950482483080e-10,2.438864984272873335e+04,3.746363307321594039e+04
7.483637540981825779e-07,1.197319276247389462e+04,2.079030522856430252e+03
1.090598983629409479e-08,2.527688910947953627e+04,1.531066779811245033e+04
8.354607100210721145e-08,2.728980510945432616e+04,3.131407783103584279e+03
4.036791142925540737e-09,3.772173497066301024e+03,7.268095630028262804e+02
1.050272238691608730e-10,2.052576274986236967e+04,4.215650817061516453e-01
5.278027143379868151e-09,8.902066372520472214e+03,3.044393129463614314e+05
3.258022645793728912e-07,8.278179269974421914e+03,4.560364944111385057e+02
4.724092258804576473e-10,1.191070492612300404e+04,3.647319346515375038e+00
5.838209081454787103e-07,2.390281386687478880e+04,3.367078817677221281e+01
3.193841861857831603e-07,1.918191077310539549e+04,2.705036797638759368e-03
6.846068951742485938e-10,8.335441255235198696e+03,1.657525082098374236e+00
1.247483752374916679e-09,7.292847320583428882e+03,7.292516602635975816e-04
2.496035006146941315e-09,1.869675587089109104e+04,1.111578051478677338e+02
1.123113743369633937e-09,5.263585896831264108e+03,6.308778495168453244e-03
2.008759065874656924e-09,1.984440466618409482e+04,5.721051679501536480e-01
7.728743063967740960e-08,2.475065107748499940e+04,1.673558548711590702e+05
8.255784834565954274e-08,3.522919894275050865e+03,1.058118221809146864e-06
1.891054268131395063e-09,3.695255395736365244e+03,1.285261392801158656e-02
5.523923526976412803e-09,2.757091901381107527e+04,1.050388182592690464e+04
2.816735117278649518e-09,2.232382656692614910e+04,4.460043000301546048e-06
8.327549021225406484e-10,1.839361132101784460e+04,9.359667914272400958e+04
7.797883268129520520e-10,1.951519433098172885e+04,4.800932043207452516e+05
3.227401659935382074e-07,4.632363259851496878e+03,7.975097423129312406e-04
1.569367255260320618e-10,1.208258061143295527e+04,4.466760416085787710e+01
3.128684766013146175e-07,1.446304716680184356e+04,5.059238361323183802e-03
1.601119307372272311e-07,3.498058585405034137e+03,3.089609120489965426e+05
2.023036818079792826e-09,1.950770988770091935e+04,3.765856104486945188e+00
6.086571960605745471e-07,1.363460380513761993e+04,5.585182988617182709e+05
4.278479038622937177e-10,2.733028516350232167e+04,2.724128969113942730e+04
3.351191980829673440e-10,1.516250092158804364e+04,1.475915210350284834e-01
8.466445845033585247e-10,2.342093627239208945e+04,1.604520958596189448e+05
3.849556054856440566e-08,1.528952589787555007e+04,1.101040421956372342e+02
9.808639295531599962e-08,1.889244040900489927e+04,3.318776786967019281e-04
5.522201586009799826e-08,1.824879284286562324e+04,2.872516521729309054e-06
1.312708886890645579e-09,1.719611680434529990e+04,1.590582528491977010e+00
2.585826688622452753e-08,3.043740060794770216e+03,1.946331795840241581e-06
1.695822314674936172e-08,8.596874522135223742e+03,2.152039832882696527e-02
7.649886334377735608e-08,2.439362987629543932e+04,1.286337815286569213e-05
4.758311047256258895e-07,1.662966245151888870e+04,8.006124681354892303e+00
4.468239107334122612e-08,8.992595911575393984e+03,8.119784584331597710e-05
3.544347887476561751e-10,2.212041124939401561e+04,2.970762012933324513e+03
6.384113949082642028e-09,8.937494698219028578e+03,1.621212775361032454e-04
1.424328815096545436e-08,1.482062952419335852e+04,1.442292990170596312e+01
2.309950983359585418e-07,1.390279205619587992e+04,2.473443710598779717e+02
8.523507541920075076e-07,2.319156003596348819e+04,1.930886602461532875e-01
6.196397005873132752e-08,7.009676544676036428e+03,3.266797756757013928e-03
3.144425914898589832e-07,1.934480065390817254e+04,8.960185715801952028e+03
2.648138419621647992e-07,2.246453440533230241e+04,4.070383007119302704e-02
7.590179714709347362e-09,3.328259615407568162e+03,4.078781318700332864e-02
1.686516511898167995e-07,2.527604724616316162e+04,1.434248814717918094e+03
1.833360724138670589e-08,1.623651972686254339e+04,2.379528244153672922e+00
1.493564824557608794e-07,1.716756344477366292e+04,1.256264654498853361e+03
8.366256951065724898e-10,3.479250239576037075e+03,4.354990144672218530e-06
3.520539152909379567e-08,1.187088282634473399e+04,4.341624303464236436e+04
2.972344377675119517e-10,1.361045588210915230e+04,1.177749819106914224e-02
1.208474883615969889e-10,2.451082580102553402e+04,1.890296181181017232e+01
1.650067928576525721e-09,2.049193029598168869e+04,9.089914347686493784e+03
2.132462445377529760e-10,1.717526258775160750e+04,2.025651885968660082e-01
1.482905071906547212e-08,3.237083967471740380e+03,4.321471450187353637e-05
1.553308084589199913e-09,1.648379718020137443e+04,6.157616416818657890e+05
1.818347572508870151e-08,2.554658595747029176e+04,7.727056206496599744e-01
4.920454033537792403e-10,8.237127811922346154e+03,1.850334052591985312e+02
5.344635526121493421e-10,1.727684080771258596e+04,2.523627195181644034e-05
4.488072527176056666e-10,2.590248018093580322e+04,1.482670518203536631e+03
7.500721583026099374e-09,9.363258650077232232e+03,6.116970877311995736e-01
2.924193894954579277e-08,2.709403410609050115e+04,3.033058676151368926e-01
5.351876573079417802e-09,8.941596589559236236e+03,6.066567531665580191e+02
3.992532430935615816e-08,2.143877888736566456e+04,6.043982333523454997e+01
1.485746024073347074e-07,9.950402110964745589e+03,1.347005240186039643e+01
4.639369178094996374e-09,2.725264315497865391e+04,8.477986104530085276e-01
1.165040867298527349e-08,7.523408675605147437e+03,4.977061011840110295e+05
1.148584488608732174e-09,1.391747750888197879e+04,2.834023066070896768e-02
2.130452031793372382e-07,5.133332953760200326e+03,7.552882577618402429e+05
2.103834088065009877e-08,1.569705932550004400e+04,1.120342872088446774e-05
7.048782889094443387e-10,3.657610305956776756e+03,3.719991838047342642e-04
2.326322697231236051e-10,1.548590844732330879e+04,5.407046491837991908e+01
4.833001560461922345e-10,8.391944479789239267e+03,3.947983478604569219e-02
7.169090209068010981e-08,2.071660918640875025e+04,2.780885515782540704e-05
2.143312947052625246e-07,1.941827584392287099e+04,9.947626435102711884e-03
8.339350132180850470e-08,7.307876261284561224e+03,2.917877358589568537e+00
2.129222775842423091e-10,1.066630044313615872e+04,2.300615372871497172e-02
1.835435716669458526e-07,1.741135417964259250e+04,5.975346004056742225e-04
1.266941090497753232e-08,2.845055991299696689e+04,2.744629712210467851e-03
5.494241096984950016e-10,1.509345708590157483e+04,3.647110767761790491e-06
1.057425165691079062e-10,2.943021497912353880e+04,5.444302377603220608e-06
5.387673246238164791e-08,7.112955383230795633e+03,3.058942392575064728e-02
2.324114497747170229e-10,2.283673734579732627e+04,2.608491269023786008e+05
3.602481329519163718e-09,2.037003073628349375e+04,7.056660481811988933e-03
2.545267455598428148e-07,6.780019632578105302e+03,7.040689102658640418e-03
1.124999837447414198e-08,2.602020770666239332e+04,4.288903328740188009e-02
2.635016047023411171e-08,3.838968084297945552e+03,4.931111352738120485e-02
7.411821301183168287e-09,2.673804076811858249e+04,2.323146580896970947e-05
1.780946483296359173e-09,2.919548991902343914e+04,8.583619796781544187e-03
1.638516346255204969e-08,2.437175595582223468e+04,1.530552724219081299e-06
7.922958559805718335e-10,2.796090208294142212e+04,2.900203257373218727e-04
8.181891689500810193e-09,2.998833054031388019e+04,3.827625625363370091e+03
1.286651581907231481e-09,2.093414903383780984e+04,8.650199873394187394e-04
3.143473866026964846e-09,1.694902575159785192e+04,5.536989475732128074e-01
2.536219614221293880e-07,2.909535091418645607e+04,3.805574188910693323e+00
2.956601003363403446e-09,2.798585539438915293e+04,9.802790343524014818e-04
3.048654965958075641e-08,2.993631130386702716e+04,2.940690677799183352e-04
3.274896142216894192e-09,1.645064377406422500e+04,2.048695547573457397e-04
5.383117122259433493e-08,9.728689717982499133e+03,7.757655234502265065e-04
5.007802591126906378e-09,1.519510270199158185e+04,1.052659720962149416e-03
2.833127378912975352e-08,5.403844389990811578e+03,2.623056582801420832e-05
5.099323273115532571e-10,1.490697724227230538e+04,7.450752790652869884e+00
1.454516743781723115e-08,2.755236263167018842e+04,8.032386701494115266e-02
6.170412545116674921e-10,2.423701057897993451e+04,6.910216824109549703e-05
1.335835626347662208e-10,2.892630193616580436e+04,5.333215465857528399e-05
4.525460075762965410e-08,2.816910272313835230e+04,2.137560230194821276e-01
9.716621730789150103e-09,2.942723249039931761e+04,3.131007968059543600e+03
7.834517560839697723e-07,2.674714698819701516e+04,1.133170249677561708e-05
1.666894591199201986e-10,1.375406360386579763e+04,1.710262928270978122e+01
2.696499674052575885e-07,8.984347553223202340e+03,3.779051140971057066e+03
9.672809149077911120e-10,2.438138058177557468e+04,1.130257561173991353e-03
5.866108039158569792e-08,2.057476140621199374e+04,1.189048157788641984e+05
3.024607050901157393e-10,8.782379551321908366e+03,1.884935393737716470e-06
2.389188588449216758e-07,2.625846713866639766e+04,6.232831311209249492e+01
1.653916874665133144e-08,2.781632720176568546e+04,4.221361323252657712e+03
9.972213415783230285e-10,1.746455166337535411e+04,4.960496276353074791e+03
1.098861687094046911e-10,2.235788290307470015e+04,2.989192781141174719e-05
7.356202222227458068e-10,1.370119469269474757e+04,1.520334861337495347e-01
2.288624050797880038e-07,2.798150342440702298e+04,4.471801257788118988e+00
2.464912999248791011e-09,8.111911198009703185e+03,3.106436173690908102e-06
1.660927413106578961e-09,2.194312747843391116e+04,1.991993263553608617e+00
2.359705598857407557e-08,2.530957742719312228e+04,5.189595487458686235e-03
4.194098898948485817e-07,2.078578909865133755e+04,7.364705837033405260e+04
3.463073733042521652e-08,2.993162697013753132e+04,6.831341883504171405e-04
2.755030544353147023e-07,6.009312454010112560e+03,1.126137030582169273e-05
3.066242636666415525e-09,1.112219015668065549e+04,1.923372069884641513e-06
6.057555315970485965e-10,2.455393329143415758e+04,2.346552802687114763e+03
1.114218898832474483e-08,7.398384570596002959e+03,3.393463075732531706e+03
1.163778208513298003e-08,1.041721023052751480e+04,2.147164435978089969e+01
6.893571434575796646e-10,5.118599873266155555e+03,1.613254819022115760e-01
2.076629892433682735e-07,1.692267423281801166e+04,2.969566630887855474e-06
4.893838052949889357e-09,7.965687080700026854e+03,3.451673721128383637e-02
3.170653512657130609e-07,1.587335481373368202e+04,2.374962118756381528e+02
6.620043937004188227e-08,2.545817573168122181e+04,2.855555207528307619e+03
2.480920864154764798e-07,2.392812354526155104e+04,3.851793859831146619e+03
8.200572534964856492e-07,1.247034861753370751e+04,4.469054951037950331e-06
8.304526631122636029e-08,4.808186433447360287e+03,1.658147515044139197e+02
7.693808511851204680e-08,2.497123331545905967e+04,6.960651309557552846e-02
8.463122828499926182e-09,4.604472704886981774e+03,1.615287968663843943e+00
5.066589783419345685e-09,1.190219385066775794e+04,1.406673668015901990e-01
1.979278565779272722e-09,1.127718794369324860e+04,7.956623908080148976e+04
8.968947947229502363e-09,2.337001325908419312e+04,1.548210878516000477e+00
1.392786796051819341e-10,2.171529637200957222e+04,2.097964824215800661e+02
1.818636541913695615e-10,2.942651242481977897e+04,9.822356990277935143e-03
1.874848782729080286e-08,6.492409126109875615e+03,5.377807781292469813e-04
8.834675171691877391e-08,1.849267641844641184e+04,4.744193031272175669e-03
5.505070530486623880e-07,1.978079492869869500e+04,2.817429161681014804e+01
1.271301596501661839e-10,2.876674139016488334e+04,4.571956364990809561e+03
1.039461863605374709e-10,2.493221851175308984e+04,4.703232862907247181e+03
3.288111938800499489e-10,1.584633404011039238e+04,3.638191971816068926e-05
2.900337550792157120e-07,8.015630310063927027e+03,3.082433387418507664e+03
1.365286939529303588e-09,1.286049906339707195e+04,1.960024977875295918e-04
5.330124571137094876e-10,1.763890142364741405e+04,1.572884398809831424e-06
1.592887821449811325e-09,5.253650493660308712e+03,2.145021137243231096e-03
1.272167851186420292e-09,7.128362251148173527e+03,6.044613939768067948e-03
4.339574212917609929e-07,8.509306740786109003e+03,2.107302319801621859e+00
4.697425864152252023e-09,1.899110760119542101e+04,2.400244985956609598e+05
1.898602961428897838e-10,1.565382555847571894e+04,3.239009489425685251e-04
4.390975482947129954e-10,2.068768137742602994e+04,2.497431212354516174e+04
7.966674556140960285e-10,1.045864472011425642e+04,7.402922852066145279e+05
6.044068662855226079e-09,2.485713836755005104e+04,7.671252211652608821e+04
1.295917782013187464e-09,2.004189029970046977e+04,4.242710350716421414e-04
9.091000222958911423e-07,5.493156652391706302e+03,1.045309320353938204e-05
2.155479789297013960e-07,5.601063756687006389e+03,4.461940315165087867e+01
2.696343917281130848e-09,2.245189450580528865e+04,7.788783245597089618e-04
4.021290221467598344e-10,2.119815488190194446e+04,4.517783774094704131e+04
8.608690408961716218e-10,2.116038566216022446e+04,8.473530855876856367e+04
4.353591100250681547e-07,1.076812207625337760e+04,1.585054743888778882e-06
1.657230177817327916e-08,1.480091323999887572e+04,1.437865921787373372e+05
1.324352577976668482e-07,8.318008253414227511e+03,6.865399897148016578e-04
7.841628037414395425e-09,1.730433016259736905e+04,5.871287591341787238e-01
1.405168893760706382e-10,7.741285464999748001e+03,2.802128552790795427e-03
4.402268169684376596e-07,9.802706353144956665e+03,6.104989294436908494e+03
1.307815714576990854e-08,2.931919559226938509e+04,9.597293181657667871e-03
3.965012335815406835e-08,2.376452320861957924e+04,3.135758566357503878e+04
9.522310010967919659e-08,3.425793642505425851e+03,4.533465923373948317e+05
1.620622503024592387e-08,1.791686311423957522e+04,1.815696560754103928e+01
2.827492995468580164e-10,7.174907678915240467e+03,4.617900796722837486e-01
1.211630639608800273e-09,2.259585555820023365e+04,1.143811762859858027e+04
1.356589146722518356e-10,1.992570268580674383e+04,1.572680740996006479e-02
4.909635749310776124e-07,1.690203579588187858e+04,6.769057835514675389e+03
3.532797543148730685e-07,1.761585704220915432e+04,9.879453285258243341e+03
1.588484344024976723e-10,2.462230100796936313e+04,2.958495655006828512e-03
1.957920804326603560e-08,1.970383669993599324e+04,2.747137488946276135e+05
2.485305647609333159e-07,2.186886417683727268e+04,6.322200684767601779e+05
2.623795562241265048e-10,1.893158761892703478e+04,4.470622989027772665e-02
9.706553286369157084e-08,7.040493905627892673e+03,4.560882632094567790e-02
1.552733898861476541e-09,1.257135267087980719e+04,3.467933433758520880e-06
8.513286976674286292e-09,6.086089841550854544e+03,2.123050173476877473e-05
1.929324944526527481e-08,2.889534688562800147e+04,2.811406003269003122e+03
9.781490913414609034e-09,1.651532997370417434e+04,3.018671246802617086e-03
2.396622820729175107e-10,1.813439061938942177e+04,4.837801174289240153e+05
4.345037221253407802e-10,2.302848341403144150e+04,8.570848777514594426e-04
5.830113316339806441e-07,2.555700356029484465e+04,7.029880802142132138e-05
5.025307981704775140e-08,2.026255969678932888e+04,2.988335270332394884e+03
9.964264361596516137e-09,8.372662118159809324e+03,6.428446022804368623e-03
1.633686042714712850e-07,8.137420683793379794e+03,2.829913850223584086e+04
2.232823434920370887e-09,1.696832338358172274e+04,1.701665713648984734e-03
1.902646209058003526e-09,3.821413060178317210e+03,7.652847501274115416e+01
1.416407936539149752e-07,1.535908355634274267e+04,4.552876440062848529e-01
3.036449070869779987e-07,1.734374963646142714e+04,4.393738945591487521e+01
2.233802501496385703e-09,1.259303779280629351e+04,8.305984949275466711e-01
4.858089375823117842e-09,4.634648208246459944e+03,2.350457283023597421e-04
2.672955608331001946e-10,1.500770117021259284e+04,3.025958093336382717e+02
1.355160870564522489e-09,1.677824154813952919e+04,8.006243709695243021e-05
1.069100487932610611e-09,1.338836079700750452e+04,1.140883564679978022e-04
1.942116285276574046e-10,2.933443570466558958e+04,1.140727969110656114e-05
2.524306365892337735e-08,2.691921179687243784e+04,7.975367949731928547e+02
3.254003074416619169e-09,1.730573720370170486e+04,2.335079483812045002e-03
1.383919556915295243e-09,1.942711033025107827e+04,1.366590918149112532e+01
1.951634726251468337e-08,1.817886247951398400e+04,1.115068505488901796e+00
2.858212799607421281e-10,5.689557579202521083e+03,1.081779992940220332e-04
2.470229559324466061e-10,1.079041723716080742e+04,1.667345783494594835e+00
1.555486597154731879e-09,1.317250621644499188e+04,2.648472593849199086e+00
3.797107783954479987e-09,2.419764177239994751e+04,7.064032436261793919e+03
3.773203326761968927e-10,3.555325710168972364e+03,1.689499608326252124e-04
8.857707379275426844e-08,2.329773343025023496e+04,3.151068226122471927e+01
2.813582648348842998e-09,7.105851288178464529e+03,1.689750194560813412e+01
1.174811579401040852e-10,6.513856248897679507e+03,1.405744517060197177e+04
1.819725509130112194e-09,2.767966417520198956e+04,1.008972537819536993e-06
2.253727461815139172e-10,5.536417166210914729e+03,8.509548839458161049e-05
8.273785366484480557e-07,5.384390614373272911e+03,7.957039258433203213e+04
2.753802837148137652e-09,2.101987457331125916e+04,2.298835822916409652e-05
1.092615877501056916e-09,8.536623080837864109e+03,2.520282771900155349e+05
1.473139604022314796e-10,2.915537874546149760e+04,3.662220851549351100e-04
1.935526960757906769e-07,5.955919993200719546e+03,3.830786419599000306e-06
8.302645701932566405e-09,3.079260900668861268e+03,9.514138915466894275e+01
1.337883986833589389e-07,2.228746473183635680e+04,2.621691205053270357e-01
3.545477573292506581e-10,2.864854679018816023e+04,3.632046147206367870e+00
1.978372478835290922e-10,1.656247961357130407e+04,5.995038376320798612e+00
1.410180960692825074e-07,8.505362453865600401e+03,2.215931560600286684e+04
3.992865075726913157e-10,2.770440762215888026e+04,8.936400010745374951e-06
9.246799860210921083e-10,1.611899487860206864e+04,1.030761649605102043e-04
7.611781963875565746e-09,2.295546875218947753e+04,1.710696524368617716e-02
1.338902535468932225e-09,1.958515078735776842e+04,6.385805439307080771e-03
3.703578772407642189e-09,2.687562120036081251e+04,3.989643727500157195e-04
8.913399034015530160e-10,3.297115634105713070e+03,1.726791152278683228e+01
1.830518971801415704e-09,2.098930021532292449e+04,1.009294381417112600e+05
3.478403555622303607e-10,2.537391379350186980e+04,1.170632505235373513e-03
1.890291878666600521e-08,2.959147108815667525e+04,4.262034734610226638e-01
1.010800074728544766e-07,1.421528138701303942e+04,5.457956508569184947e-03
5.294822876905878528e-09,2.500302582842614720e+04,6.950080202090514358e+05
3.061092548754464841e-10,4.396181645662721166e+03,6.573427525097336191e-06
7.080260682256072504e-08,8.207548033885686891e+03,8.798360098896107484e-02
2.061552852912902319e-10,2.835228130403105024e+04,1.640900313841774372e+00
6.166741593116891818e-10,6.974315051965812927e+03,2.860600286385429790e+05
2.276255238548642596e-09,6.448744205300839894e+03,1.679367677696435787e-02
2.000040036718111935e-09,2.942753462724106794e+04,4.026898531543871229e+01
3.330021642255205558e-07,1.765703510131422809e+04,1.221900757646307909e+02
2.895484131838976911e-07,1.459786952721763373e+04,1.860999968106691667e+05
4.237900872231809621e-07,3.037064807078008471e+03,8.684381822175873955e-02
7.840938276552614580e-10,4.208974680449227890e+03,8.263089136341191576e+00
1.488421850407786407e-07,2.290123993628358585e+04,9.664922253476001757e+00
6.490597789851654857e-10,8.524741964850429213e+03,4.665614703297092929e+05
2.167221077698364731e-07,1.238934931190756652e+04,1.285055727390530774e+04
1.797579824547515761e-08,9.318371898593120932e+03,3.582309819439412422e+03
6.002528495753696584e-08,4.615827378540371683e+03,3.374875808368461003e+04
1.595539858763153691e-09,2.419186774190420692e+04,8.255468755034876815e-03
1.974418910829984593e-07,1.506888510605086958e+04,6.487297747247484381e+01
5.604879084091144185e-07,5.809317988907695508e+03,3.250491959299484784e-04
7.175663755732632349e-08,7.473374112034136488e+03,3.397913417036540523e+03
1.113758864114708604e-09,2.574991047225631701e+04,1.207966305782712091e+01
3.011559344812265744e-08,1.892610949412893751e+04,1.996204037147478957e+05
3.489545154856710022e-10,3.433688543003565883e+03,5.072056604391497747e-02
1.730781728071468258e-07,1.635762486675261971e+04,4.134211533715081168e+05
1.638887304637628927e-07,1.402290759818867264e+04,2.743990403332214291e-05
1.490883427266198497e-08,9.106322348215308011e+03,9.723746466883247194e+03
7.583950852513937868e-09,1.136089959823649770e+04,2.550586632607018345e+01
4.969731472272953455e-09,2.049519255929443898e+04,1.288941093020835993e+01
5.938449077180211356e-07,1.575966542867327371e+04,1.513144495512909316e+03
2.569126820207024384e-09,1.353248630406971461e+04,1.849549229720051358e+02
9.380992962430039620e-07,1.382583311748415144e+04,2.906423768898431792e-01
2.575480373707139216e-07,2.866885835684159611e+04,1.261369335981735954e-03
1.168214592332859614e-08,1.393942546567610225e+04,5.873006300906336019e-01
5.427058097123436951e-08,3.138059800453130265e+03,1.026634964612253771e-04
1.922816275595721444e-07,4.508356311292571263e+03,1.925303996350517627e+04
9.320688501600114240e-09,6.631016803063019324e+03,1.190586659880147041e-03
8.140199832082222156e-08,8.457200695713578170e+03,1.178746546430223807e-01
7.932779337708911305e-07,5.787762269653538169e+03,3.347371969063376014e+02
1.136823159002505173e-10,3.138765948789494814e+03,1.000344352053084208e+03
4.563292794401019502e-08,1.106948228498426397e+04,1.705672096894613424e+04
7.014321737061033370e-08,2.804743628920200354e+04,3.896725252418415039e+04
5.600019076695589952e-10,1.832190316641084792e+04,3.819187282800645011e+00
2.796688068570050468e-09,1.718011490359424715e+04,5.121095811324673619e+00
4.745857633167952979e-07,1.239911570365457737e+04,5.254587433755019447e+05
7.287368799946961286e-08,2.300850569775432814e+04,3.758257259553049456e-02
9.751177990180281127e-08,2.832252999111381359e+04,1.107190877982820731e-02
5.673906292183160378e-08,1.860221707388971845e+04,2.644801789111325796e+00
4.010363400210838249e-10,2.112149971132948122e+04,8.798035922141870732e-03
1.801221538702878534e-10,1.495472298977945502e+04,3.322817056487025411e+00
7.123623406255973846e-07,1.440106422991932959e+04,1.602296379212993216e-04
1.712942486895629427e-10,8.986428481941518839e+03,1.023129325719629307e-01
2.192658236093938348e-09,5.260820193395184106e+03,1.881883584162784973e+04
5.726121283266073087e-08,1.673862481599327293e+04,2.985393845466821006e+01
1.163134863641521233e-09,1.189607354209737787e+04,6.738916083225736375e-02
1.528143243915872872e-08,1.157845748221218309e+04,6.892984445119740766e-05
7.701731555529045319e-09,2.812553390403278172e+04,2.827789311128203735e+03
1.505821262951196445e-07,1.237768448286881176e+04,1.075777413873644540e-03
5.233104200364677664e-07,2.456813984981567774e+04,2.938396925816901895e-04
2.658670352206383009e-08,2.527349244024959626e+04,5.637077769666010919e-06
5.473710584632258384e-09,3.021273698138493728e+03,8.447496133552429455e+03
7.601076614172624395e-08,1.260907492123520751e+04,3.595293779244613233e+03
3.022387228586144236e-09,1.795658653155608772e+04,9.295037567466120527e+04
1.066665283528008096e-09,2.635937368094919293e+04,2.504363690539270632e-03
4.293027961789209162e-10,9.549099458376744224e+03,3.277360011871702293e-04
8.034605887331067759e-09,9.468378824826771961e+03,1.634800960949211367e+04
8.838631288654727413e-07,2.809363880768509989e+04,6.873899788130410915e-01
1.098481539574869480e-08,2.764901198617406044e+04,5.563234140960977636e-06
3.550486111429245727e-09,1.835735399140700611e+04,3.621648694196990138e-03
2.341021800341303773e-07,1.459037519013077326e+04,9.839125746433140252e-02
5.602595149226695081e-08,2.877478938813914647e+04,1.378094131871856916e+03
7.007378396582044170e-10,1.082498297082069257e+04,6.650079863629906451e-04
1.425258176688276308e-08,2.554847820289298033e+04,2.152571073401903683e-05
4.273337030501723768e-09,2.844059877891912402e+04,2.770323946181595966e+04
2.407990685664552899e-10,2.809595562871814764e+04,1.530874548017993608e-01
5.273841536132644322e-08,3.853891741779182212e+03,2.869438647941411595e-06
1.425178869348916178e-08,8.501591824204871955e+03,7.611391541513652006e-06
4.186132801743073643e-07,1.317987962305754627e+04,1.428498461625534455e-01
6.278011006020144960e-07,2.566805345393613970e+04,3.081150301665659208e+04
6.137235822414658423e-07,1.965429834651014971e+04,7.194449911165241298e-05
4.751381051868615592e-09,2.934383750859166685e+04,5.202074511857812970e-04
5.457353146180466793e-08,9.852394610425937572e+03,6.905657908770298725e+00
1.725981811415358417e-09,1.204935881282668925e+04,1.590846372570003191e-05
4.262172343008707741e-08,1.795001289694795196e+04,1.117139834607684082e-04
1.012254579981253840e-09,1.792374393101260648e+04,5.899691803132149026e+00
7.692262265058242083e-08,1.090618967415764382e+04,8.175017214630362578e+05
5.806249567755463431e-10,1.510112047913616334e+04,3.587621674501510682e+01
2.853599970732100615e-07,1.975733847764048915e+04,2.537983051061796780e-01
4.436438266819267704e-10,1.594292155405504855e+04,7.738606570845399032e-03
3.067865641928200702e-09,2.844429641269526473e+04,1.174508840059980344e+02
2.639624445670392457e-08,5.831284188884746072e+03,1.555075516102944810e+01
1.909344392071755423e-08,4.426213431353056876e+03,1.701583824230365281e+03
2.748656397890822499e-10,9.658029258147753353e+03,1.809674994155458857e-06
5.793531999799685152e-09,2.773087322314844641e+04,8.150247838783150159e-06
2.283526366526045775e-09,2.086506275712887145e+04,9.475518857745470314e+02
2.263368125933135618e-08,1.786234240892018715e+04,2.855959836671657470e+01
4.135956869263486416e-09,1.471664241995397242e+04,1.257554981488917620e-03
2.348603690717846809e-07,2.691096746082718892e+04,1.822399536110383685e-05
1.464034618528554014e-10,1.696045024999907764e+04,2.123995146386567740e+03
2.853576286188941414e-10,1.994015261357377312e+04,2.742484455487444939e+04
1.110539025857134874e-07,2.711469361163898066e+04,2.936925727577609724e+00
1.098489948212862405e-07,1.218095206424431672e+04,1.290213657133381821e+04
1.282859229749838183e-09,4.183672113174344304e+03,5.012863459153548296e-04
3.059946775463077970e-07,2.624903284020424326e+04,6.896575059442945632e-02
7.523362438002844866e-08,1.536577798080952743e+04,8.130769173266269689e+00
5.842422742742535910e-10,1.538121520106829303e+04,1.842441178663931201e+00
2.154857012739515668e-08,2.638576636447227429e+04,3.636355463502048968e-01
7.298252416881601517e-08,1.026651721625223036e+04,1.161723551331329297e-02
2.730834130339819508e-10,1.239179915954862190e+04,2.966817968918436463e+02
9.362116830699195596e-07,5.388392348587576635e+03,1.217358670533977602e+04
4.710869803573932918e-09,3.383574872761500956e+03,9.005405698096017659e+03
6.035054831514731037e-09,2.836928438469585308e+04,4.314989943590274102e+00
7.984895461745314741e-10,1.212700881805667996e+04,5.173904661004243705e-02
6.532494292836528396e-10,4.384317244842159198e+03,2.046618221906373510e+05
1.718431936474991107e-09,2.607143746023100903e+04,4.637446024647357571e-06
5.101003923920982258e-09,2.480146984294244612e+04,1.046917798928734635e-06
1.821885783136899843e-10,1.709904699021220949e+04,1.668039978112149058e+01
4.088655660521955025e-10,2.373108708608704546e+04,1.486009117218042297e-01
3.174518897221173250e-10,2.152352456297537719e+04,3.084268792727267626e-05
1.234144929867247149e-08,1.433094898061839194e+04,9.076604786718640753e+03
2.666886222120925620e-09,2.660998388541706663e+04,6.043477766810222097e-05
5.058888919500082063e-10,1.669329495617573775e+04,9.951651353017835610e-04
1.275014936387265943e-07,1.391738654952161050e+04,2.879973711067844852e+04
1.781935717547350042e-10,2.580025671412134034e+04,1.663525165187199264e+03
5.860942249978833732e-07,7.863869852436153451e+03,8.984896789807896411e+00
2.406801148485549051e-07,8.238336539035581154e+03,6.761971014298879439e-04
5.671154986902107590e-09,4.504234833310143586e+03,1.385484515022314445e+05
1.563329042057837317e-10,2.278761299776778469e+04,5.330558191625765080e-02
7.689093185556164055e-08,1.937823941680151620e+04,1.089714537719379732e+05
5.756255532195540786e-08,2.877047577319007542e+04,4.473297660851247315e+01
6.146547048282962398e-10,2.061174279427542569e+04,1.698068030131361005e-06
7.163416590594659492e-10,8.835632627672539456e+03,6.786681864619952764e-06
4.306247575265829943e-09,2.703087453665818248e+04,2.125714990613818736e+04
4.733765327102265920e-10,2.288836089885926049e+04,5.564793517929705370e-04
3.255038756885500094e-10,2.901502819034675849e+04,5.837413908872578390e-03
3.132850046898499639e-10,2.544896297719475842e+04,4.989774876140477863e+04
1.341878457313824316e-09,7.198736358759615541e+03,2.030762314990884221e+01
3.568995918471096020e-08,5.783054758544072683e+03,4.093344501737151454e-03
8.030118398846842277e-10,5.964271929233230367e+03,2.027377284865013678e+02
3.194634910227701921e-07,1.170972514179271820e+04,2.896511323874147468e-05
4.207449703472040464e-09,1.914508047645812985e+04,1.590572640503086950e+04
9.377997869303109333e-10,1.783077647663364769e+04,7.040001708800660467e-05
1.454524116475228397e-07,4.538326308823106046e+03,4.928594407968673928e-06
6.427852317912878023e-10,1.400097822464278943e+04,6.401009885948118608e+03
5.714721530242043265e-09,6.462188988048610554e+03,4.863256326333151083e+04
3.674807538084458825e-08,1.614010377125413288e+04,5.706729108411309065e-02
9.142056001872707265e-10,2.780394971680991148e+04,1.969755329470781937e-03
3.363782474036021088e-10,5.879684852581398445e+03,3.143151819528448021e-01
1.118780183680886428e-08,2.644794534243818998e+04,3.495131527461957739e+04
5.852308787092435719e-07,4.105237386931619767e+03,1.238822529953736004e-06
1.716020424436125392e-07,6.755482833223934904e+03,4.200315513485874085e-03
2.302689245109353157e-09,2.395312451086213696e+04,6.285284977493030019e+05
2.790978327525558203e-07,2.900475759941281285e+04,2.348580378527357425e+03
2.708288731673930385e-08,7.569524516651969861e+03,2.024173441800325478e-04
7.419329066890486271e-09,1.216080235385062224e+04,3.180037745408770570e+04
2.180644612121254058e-10,2.368100595700736812e+04,6.069296693493525527e+04
2.610305601509528537e-08,2.646303392182863536e+04,3.230348258601612343e+00
1.044722340829570382e-10,1.839178811465372200e+04,1.382265442638005659e+01
3.912023720818551803e-09,1.938836578459728116e+04,3.796914224151767314e+01
4.947030970680088054e-10,3.899962022123545012e+03,9.394231145521434883e+03
2.341816414949842898e-07,5.392356389966620554e+03,4.784055674165929410e-03
6.019203295835655857e-10,2.571631998603916145e+04,7.409370816386361700e-04
3.874303546228688730e-10,2.360970404969368610e+04,7.777065482846689411e+05
3.333044172313659810e-09,1.504600799207477758e+04,1.462957136896379495e+02
4.590299250414167819e-07,1.306620737599950553e+04,4.967461181699643203e+04
4.406017587898783264e-09,2.978897581315289426e+04,1.281060645620635228e+02
6.446289002967638720e-07,2.308174960892825038e+04,1.169163764149297435e+02
2.158894985323683170e-09,1.427520565112803524e+04,2.655283921089525684e+05
1.446175873710611417e-07,2.934820575916418602e+04,2.988745121043483947e-03
4.500048620246002729e-09,1.334312837291949654e+04,3.291693666430864346e-05
3.972066333015553329e-08,1.798150385073563302e+04,8.630216773110549866e+02
1.686152856872232548e-09,9.967162736257079814e+03,3.719721120624306110e+01
9.706795321601490589e-10,2.933899163380060054e+04,8.051133366303957466e-04
6.025084203836103420e-08,2.447170240033148002e+04,2.701138582832099486e-03
6.697887420620676629e-09,2.596070366517689399e+04,9.669398683016504630e-05
5.775770574720640405e-09,7.643276806041371856e+03,1.265019309006487822e-05
4.139431201621236958e-07,1.006433073565076847e+04,3.949144535322115374e-02
1.348764959736797437e-07,2.818143361863691825e+04,2.132763463132932102e+01
1.148038699095661652e-08,1.919295400878498913e+04,2.108069355171709736e-01
6.770999249830913380e-10,1.157313169749977897e+04,3.049111544879327198e+02
2.902117608503080344e-07,2.350181319992176577e+04,7.680650666693276435e+04
6.156684455197411938e-07,1.069835835233059333e+04,3.804143921167535325e+01
7.580896368868948709e-09,2.176824024904661565e+04,1.163619064737173664e-05
1.686711073025027357e-07,4.268297150758855423e+03,8.542266296488529406e+03
1.311922864541345667e-10,2.508187145887751831e+04,5.564471137302856238e-03
1.070680037977970657e-10,1.274707526800223786e+04,5.564056574557559032e-02
4.062646120288714065e-09,1.536045826514403052e+04,3.788083916550005056e-06
1.283878430258442607e-09,2.087186429686387419e+04,7.017522495883354861e-02
